<manifest alg="2" build="11" opt="true" iceEnabled="true" iceMarkupVersion="2" exportTarget="other" resolutions="1x" timestamp="1428287450080">
  <folder name="assets">
    <file name="fb.png" crc="236123108" mt="1369410976000"/>
    <file name="google-.png" crc="190172648" mt="1369410978000"/>
    <file name="instagram.png" crc="82388047" mt="1369410978000"/>
    <file name="twitter.png" crc="3789529242" mt="1369410978000"/>
  </folder>
  <folder name="css">
    <file name="site_global.css" crc="4040146411"/>
    <file name="log-out.css" crc="4017802278" ref="log-out"/>
    <file name="contact-us.css" crc="227818544" ref="contact-us"/>
    <file name="about-us.css" crc="4178823916" ref="about-us"/>
    <file name="index.css" crc="296373057" ref="index"/>
  </folder>
  <folder name="scripts">
    <file name="jquery-1.8.3.min.js" crc="3880902115" ref="index:about-us:contact-us:log-out"/>
    <file name="museutils.js" crc="521960461" ref="index:about-us:contact-us:log-out"/>
    <file name="jquery.musemenu.js" crc="397543671" ref="index:about-us:contact-us:log-out"/>
    <file name="webpro.js" crc="220831917" ref="index:about-us:contact-us"/>
    <file name="musewpslideshow.js" crc="224651946" ref="index:about-us:contact-us"/>
    <file name="jquery.museoverlay.js" crc="276313855" ref="index:about-us:contact-us"/>
    <file name="touchswipe.js" crc="325405309" ref="index:about-us:contact-us"/>
    <file name="jquery.watch.js" crc="56779320" ref="index:about-us:contact-us:log-out"/>
    <file name="html5shiv.js" crc="4241844378" ref="index:about-us:contact-us:log-out"/>
    <file name="pie.js" crc="3827607177" ref="index"/>
  </folder>
  <folder name="images">
    <file name="road.jpg" crc="4041756783" ref="index"/>
    <file name="pattern1-u658-fr.png" crc="4135862172" ref="index:about-us:contact-us"/>
    <file name="thistle-fin.jpg" crc="510986999" ref="index:about-us:contact-us"/>
    <file name="blank.gif" crc="4208392903" ref="index:about-us:contact-us"/>
    <file name="bokeh-dunes.jpg" crc="3957807239" ref="index:about-us:contact-us"/>
    <file name="wheat-grass-fin.jpg" crc="3824952122" ref="index:about-us:contact-us"/>
    <file name="loading.gif" crc="3815509949" ref="index:about-us:contact-us"/>
    <file name="twitter.png" crc="499441549" ref="index"/>
    <file name="instagram.png" crc="523527302" ref="index"/>
    <file name="fb.png" crc="4055336569" ref="index"/>
  </folder>
  <file name="index.html" crc="3983839556" mt="1428287402038" redirect="true"/>
  <file name="about-us.html" crc="4069113967" mt="1428286483424" redirect="true"/>
  <file name="contact-us.html" crc="365357581" mt="1428286483425" redirect="true"/>
  <file name="log-out.html" crc="399479151" mt="1428286483426" redirect="true"/>
</manifest>